{
  "title": "Extracted Content - Page 36",
  "content": "BMW 서비스 센터 ✚ 서울 NO 지역 전화번호 서비스 센터 운영 시간 1 02)-488-8766 10:00 ~ 19:00 10:00 ~ 17:00 강동 패스트레인 서비스 센터 (도이치 모터스) [평일] / [토요일] 2 02)3444-7301 08:30~18:00 08:30~16:00 강북 서비스센터 (한독 모터스) [평일] / [토요일] 3 02)2661-7401 08:30~17:30 08:30~16:00 강서 서비스센터 (바바리안모터스) [평일] / [토요일] 4 02)3472-7301 08:30~18:30 09:00~15:00 교대 서비스센터 (코오롱모터스) [평일] / [주말/공휴일] 5 02)2039-7301 08:30 ~ 17:30 09:00 ~ 16:00 구로 서비스센터(바바리안 모터스) [평일] / [토요일] 6 02)569-7401 08:30~18:30 09:00~15:00 대치 서비스센터 (코오롱모터스) [평일] / [토요일] 7 02)575-7601 08:30~18:00 09:00~16:00 도곡 패스트레인 서비스센터 (도이치모터스) [평일] / [토요일] 8 02)2244-7601 07:30~23:00 09:00~16:00 동대문 서비스센터 (도이치모터스) [평일] / [주말/공휴일] 9 02)3477-7401 08:30~18:00 08:30~16:00 방배 서비스센터 (한독모터스) [평일] / [주말/공휴일] 10 02)466-7301 08:30~18:00 08:30~16:00 서초 중앙 서비스센터 (한독모터스) [평일] / [토요일] 11 02)521-7301 08:30~18:00 서초 패스트레인 서비스센터 (한독모터스) [평일] 12 02)375-7301 08:30~18:30 09:00~15:00 성산 서비스센터 (코오롱모터스) [평일] / [토요일] 13 02)2170-7100 10:00 ~ 19:00 10:00 ~ 17:00 성수 서비스팩토리 (도이치 모터스) [평일] / [토요일] 14 02)415-7601 08:30~18:00 09:00~16:00 송파 서비스센터 (도이치모터스) [평일] / [토요일] 15 02)575-7602 08:30~18:00 09:00~16:00 양재 서비스센터 (도이치모터스) [평일] / [토요일] 16 02)562-7301 08:30~18:00 역삼 패스트레인 서비스센터 (코오롱모터스) [평일] 17 02)6956-7401 08:30~18:00 영등포 패스트레인 서비스센터 (바바리안모터스) [평일] 18 02)808-7401 10:30~19:00 10:00~17:00 시흥 홈플러스 패스트레인 서비스센터 (바바리안모터스) [평일] / [토요일] ✚ 경기•인천 NO 지역 전화번호 서비스 센터 운영 시간 1 031)567-7601 08:30~18:00 09:00~16:00 구리 서비스센터 (도이치모터스) [평일] / [토요일] 2 031)794-7607 08:30~18:00 09:00~16:00 미사 서비스센터 (도이치모터스) [평일] / [토요일] 3 032)676-7301 09:00~18:00 09:00~13:00 부천 서비스센터(코오롱 모터스) [평일] / [토요일] 4 031)8016-7301 08:30~18:00 08:30~16:00 분당(궁내) 서비스센터 (한독모터스) [평일] / [주말/공휴일] 5 031)711-7401 08:30~18:30 09:00~15:00 분당 패스트레인 서비스센터 (코오롱모터스) [평일] / [토요일] 6 032)710-7401 09:00~18:00 09:00~16:00 송도 컴플렉스 서비스센터 (바바리안 모터스) [평일] / [토요일] 7 031)206-7501 08:30~18:00 08:30~16:00 수원 서비스센터 (한독모터스) [평일] / [토요일] 8 031)726-7301 09:00~18:00 09:00~15:00 오포 서비스센터 (코오롱모터스) [평일] / [토요일] 9 031)874-7301 08:30~18:30 의정부 서비스센터 (코오롱모터스) [평일] 10 031)8068-8401 08:30 ~ 17:30 08:30 ~ 12:30 안산 서비스센터(삼천리 모터스) [평일] / [토요일] 11 031)425-3002 08:30~18:00 08:30~16:00 안양 서비스센터 (삼천리모터스) [평일] / [토요일] 12 032)881-7401 08:30~17:30 08:30~16:00 인천 서비스센터 (바바리안모터스) [평일] / [토요일] 13 031)966-7501 08:30~17:30 08:30~16:00 일산 서비스센터 (바바리안모터스) [평일] / [토요일] 14 031)656-7501 08:30~17:30 08:30~17:00 평택 서비스센터 (내쇼날모터스) [평일] / [토요일] 15 031)994-7401 09:00~17:30 09:00~16:00 자유로 서비스센터 (바바리안모터스) [평일] / [토요일] 16 031)5173-7100 08:30~18:00 수원 오토월드 서비스센터 (도이치모터스) [평일] 17 031)654-3002 09:00~18:00 09:00~13:00 동탄 서비스센터 (삼천리모터스) [평일] / [토요일] 18 032)721-7301 08:30~17:30 09:00~16:00 인천 계양 서비스센터 (바바리안모터스) [평일] / [토요일] 19 031)8068-8501 08:30~17:30 08:30~12:30 군포 서비스센터(삼천리모터스) [평일] / [토요일] 20 031-721-7601 08:30~18:00 09:00~16:00 성남 서비스센터(도이치모터스) [평일] / [토요일]\n\n\n\n---\n\n✚ 충청•세종•대전•강원 NO 지역 전화번호 서비스 센터 운영 시간 1 033)800-7301 09:00~18:00 강릉 서비스센터(코오롱 모터스) [평일] 2 042)633-7301 08:30~18:00 대전 서비스센터 (코오롱모터스) [평일] 3 042)826-7201 08:30~18:00 대전 유성 서비스센터 (코오롱모터스) [평일] 4 041)664-7501 09:00~18:00 서산 서비스센터 (내쇼날모터스) [평일] 5 033)734-7301 09:00~16:00 09:00~16:00 원주 서비스센터 (도이치모터스) [평일] / [토요일] 6 041)572-7401 09:00~18:00 09:00~15:00 천안 서비스센터 (삼천리모터스) [평일] / [토요일] 7 043)236-7501 09:00~18:00 09:00~15:00 청주 서비스센터 (삼천리모터스) [평일] / [토요일] 8 033)830-7301 09:00 ~ 18:00 춘천 서비스센터(코오롱 모터스) [평일] 9 044)410-3201 09:00~18:00 09:00~13:00 세종 서비스센터 (삼천리 모터스) [평일] / [토요일] 10 042)721-7301 09:00 ~ 18:00 관평 서비스센터(코오롱모터스) [평일] ✚ 전라/광주 NO 지역 전화번호 서비스 센터 운영 시간 1 062)675-7301 08:30~18:30 09:00~13:00 광주 서비스센터 (코오롱모터스) [평일] / [토요일] 2 062)367-7301 09:00~18:00 광주 광천 패스트레인 서비스센터 (코오롱모터스) [평일] 3 062)384-7301 09:00~18:00 광주 상무 패스트레인 서비스센터 (한독모터스) [평일] 4 062)383-7301 08:30~18:30 08:30~16:00 광주 평동 서비스센터 (한독모터스) [평일] / [토요일] 5 063)451-7501 08:30~17:30 09:00~12:00 군산 서비스센터 (내쇼날모터스) [평일] / [토요일] (* 격주 운영) 6 061)287-7501 09:00~18:00 목포 서비스센터 (내쇼날모터스) [평일] 7 061)745-7301 09:00~18:00 순천 서비스센터 (코오롱모터스) [평일] 8 063)211-0505 08:30~17:30 08:30~17:00 전주 서비스센터 (내쇼날모터스) [평일] / [토요일] ✚ 경상•대구•부산•울산 NO 지역 전화번호 서비스 센터 운영 시간 1 054)646-7301 09:00~18:00 구미 서비스센터 (코오롱모터스) [평일] 2 055)322-7301 09:00~18:00 김해 서비스센터 (코오롱모터스) [평일] 3 053)559-7301 09:00~18:00 대구 서비스센터 (코오롱모터스) [평일] 4 053)768-7301 09:00~18:00 대구 수성 패스트레인 서비스센터 (코오롱모터스) [평일] 5 051)327-7301 09:00~18:00 부산 광안리 서비스센터 (코오롱모터스) [평일] 6 051)819-7301 09:00~18:00 부산 서면 서비스센터 (동성모터스) [평일] 7 051)731-7303 09:00~18:00 부산 해운대 서비스센터 (동성모터스) [평일] 8 053)655-7301 09:00~18:00 서대구 중앙 서비스센터 (한독모터스) [평일] 9 053)653-7301 09:00~18:00 서대구 패스트레인 서비스센터 (한독모터스) [평일] 10 052)268-7306 09:00~18:00 울산 서비스센터 (동성모터스) [평일] 11 055)256-7301 09:00~18:00 창원 서비스센터 (동성모터스) [평일] 12 055)744-7301 09:00~18:00 진주 서비스센터 (동성모터스) [평일] 13 054)272-7306 09:00~18:00 포항 서비스 센터 [평일] 14 051)792-1810 09:00~18:00 부산 롯데 패스트레인 서비스센터 (동성모터스) [평일] 15 052)702-8361 09:00~18:00 울산 진장 롯데 패스트레인 (동성모터스) [평일] 16 051)712-7303 09:00~18:00 09:00~15:00 부산 금정 서비스센터(동성모터스) [평일] / [토요일] 17 051)712-7309 09:00~18:00 09:00~15:00 부산 사상 서비스센터(동성모터스) [평일] / [토요일] ✚ 제주 NO 지역 전화번호 서비스 센터 운영 시간 1 064)757-7601 08:30~18:00 제주 서비스센터 (도이치모터스) [평일]\n\n",
  "status": "draft",
  "uploaded_at": "2025-12-09T16:09:32.504517",
  "images": []
}